{"baseModLoader":{"forgeVersion":"40.2.0","name":"forge-40.2.0","type":1,"downloadUrl":"https://modloaders.forgecdn.net/647622546/maven/net/minecraftforge/forge/1.18.2-40.2.0/forge-1.18.2-40.2.0.jar","filename":"forge-1.18.2-40.2.0.jar","installMethod":3,"latest":false,"recommended":true,"versionJson":"{\"id\":\"forge-40.2.0\",\"time\":\"2023-01-02T04:26:43Z\",\"releaseTime\":\"2023-01-02T04:26:43Z\",\"type\":\"release\",\"minecraftArguments\":null,\"minimumLauncherVersion\":0,\"assets\":null,\"inheritsFrom\":\"1.18.2\",\"jar\":null,\"logging\":null,\"libraries\":[{\"name\":\"cpw.mods:securejarhandler:1.0.3\",\"url\":null,\"serverreq\":null,\"clientreq\":null,\"natives\":null,\"extract\":null,\"rules\":null,\"downloads\":{\"artifact\":{\"path\":\"cpw/mods/securejarhandler/1.0.3/securejarhandler-1.0.3.jar\",\"url\":\"https://modloaders.forgecdn.net/647622546/maven/cpw/mods/securejarhandler/1.0.3/securejarhandler-1.0.3.jar\",\"sha1\":\"acbf5e3c8a38fb8bf824a54fe45eee121c510392\",\"size\":103266}}},{\"name\":\"org.ow2.asm:asm:9.2\",\"url\":null,\"serverreq\":null,\"clientreq\":null,\"natives\":null,\"extract\":null,\"rules\":null,\"downloads\":{\"artifact\":{\"path\":\"org/ow2/asm/asm/9.2/asm-9.2.jar\",\"url\":\"https://modloaders.forgecdn.net/647622546/maven/org/ow2/asm/asm/9.2/asm-9.2.jar\",\"sha1\":\"81a03f76019c67362299c40e0ba13405f5467bff\",\"size\":122004}}},{\"name\":\"org.ow2.asm:asm-commons:9.2\",\"url\":null,\"serverreq\":null,\"clientreq\":null,\"natives\":null,\"extract\":null,\"rules\":null,\"downloads\":{\"artifact\":{\"path\":\"org/ow2/asm/asm-commons/9.2/asm-commons-9.2.jar\",\"url\":\"https://modloaders.forgecdn.net/647622546/maven/org/ow2/asm/asm-commons/9.2/asm-commons-9.2.jar\",\"sha1\":\"f4d7f0fc9054386f2893b602454d48e07d4fbead\",\"size\":72642}}},{\"name\":\"org.ow2.asm:asm-tree:9.2\",\"url\":null,\"serverreq\":null,\"clientreq\":null,\"natives\":null,\"extract\":null,\"rules\":null,\"downloads\":{\"artifact\":{\"path\":\"org/ow2/asm/asm-tree/9.2/asm-tree-9.2.jar\",\"url\":\"https://modloaders.forgecdn.net/647622546/maven/org/ow2/asm/asm-tree/9.2/asm-tree-9.2.jar\",\"sha1\":\"d96c99a30f5e1a19b0e609dbb19a44d8518ac01e\",\"size\":52660}}},{\"name\":\"org.ow2.asm:asm-util:9.2\",\"url\":null,\"serverreq\":null,\"clientreq\":null,\"natives\":null,\"extract\":null,\"rules\":null,\"downloads\":{\"artifact\":{\"path\":\"org/ow2/asm/asm-util/9.2/asm-util-9.2.jar\",\"url\":\"https://modloaders.forgecdn.net/647622546/maven/org/ow2/asm/asm-util/9.2/asm-util-9.2.jar\",\"sha1\":\"fbc178fc5ba3dab50fd7e8a5317b8b647c8e8946\",\"size\":84854}}},{\"name\":\"org.ow2.asm:asm-analysis:9.2\",\"url\":null,\"serverreq\":null,\"clientreq\":null,\"natives\":null,\"extract\":null,\"rules\":null,\"downloads\":{\"artifact\":{\"path\":\"org/ow2/asm/asm-analysis/9.2/asm-analysis-9.2.jar\",\"url\":\"https://modloaders.forgecdn.net/647622546/maven/org/ow2/asm/asm-analysis/9.2/asm-analysis-9.2.jar\",\"sha1\":\"7487dd756daf96cab9986e44b9d7bcb796a61c10\",\"size\":34257}}},{\"name\":\"net.minecraftforge:accesstransformers:8.0.4\",\"url\":null,\"serverreq\":null,\"clientreq\":null,\"natives\":null,\"extract\":null,\"rules\":null,\"downloads\":{\"artifact\":{\"path\":\"net/minecraftforge/accesstransformers/8.0.4/accesstransformers-8.0.4.jar\",\"url\":\"https://modloaders.forgecdn.net/647622546/maven/net/minecraftforge/accesstransformers/8.0.4/accesstransformers-8.0.4.jar\",\"sha1\":\"272d240aa73f42195b2a68e2ebd8b701ecf41f63\",\"size\":77756}}},{\"name\":\"org.antlr:antlr4-runtime:4.9.1\",\"url\":null,\"serverreq\":null,\"clientreq\":null,\"natives\":null,\"extract\":null,\"rules\":null,\"downloads\":{\"artifact\":{\"path\":\"org/antlr/antlr4-runtime/4.9.1/antlr4-runtime-4.9.1.jar\",\"url\":\"https://modloaders.forgecdn.net/647622546/maven/org/antlr/antlr4-runtime/4.9.1/antlr4-runtime-4.9.1.jar\",\"sha1\":\"428664f05d2b7f7b7610204b5aa7c1763f62011a\",\"size\":337868}}},{\"name\":\"net.minecraftforge:eventbus:5.0.3\",\"url\":null,\"serverreq\":null,\"clientreq\":null,\"natives\":null,\"extract\":null,\"rules\":null,\"downloads\":{\"artifact\":{\"path\":\"net/minecraftforge/eventbus/5.0.3/eventbus-5.0.3.jar\",\"url\":\"https://modloaders.forgecdn.net/647622546/maven/net/minecraftforge/eventbus/5.0.3/eventbus-5.0.3.jar\",\"sha1\":\"f2317ed9d19271be8727a71ae3e5dfeb62715594\",\"size\":42838}}},{\"name\":\"net.minecraftforge:forgespi:4.0.15-4.x\",\"url\":null,\"serverreq\":null,\"clientreq\":null,\"natives\":null,\"extract\":null,\"rules\":null,\"downloads\":{\"artifact\":{\"path\":\"net/minecraftforge/forgespi/4.0.15-4.x/forgespi-4.0.15-4.x.jar\",\"url\":\"https://modloaders.forgecdn.net/647622546/maven/net/minecraftforge/forgespi/4.0.15-4.x/forgespi-4.0.15-4.x.jar\",\"sha1\":\"1d10ffe779684cb20f2b63bdcc030152e47116bb\",\"size\":22072}}},{\"name\":\"net.minecraftforge:coremods:5.0.1\",\"url\":null,\"serverreq\":null,\"clientreq\":null,\"natives\":null,\"extract\":null,\"rules\":null,\"downloads\":{\"artifact\":{\"path\":\"net/minecraftforge/coremods/5.0.1/coremods-5.0.1.jar\",\"url\":\"https://modloaders.forgecdn.net/647622546/maven/net/minecraftforge/coremods/5.0.1/coremods-5.0.1.jar\",\"sha1\":\"386b00279628b105b2d507539c46e134e96f6237\",\"size\":24199}}},{\"name\":\"cpw.mods:modlauncher:9.1.3\",\"url\":null,\"serverreq\":null,\"clientreq\":null,\"natives\":null,\"extract\":null,\"rules\":null,\"downloads\":{\"artifact\":{\"path\":\"cpw/mods/modlauncher/9.1.3/modlauncher-9.1.3.jar\",\"url\":\"https://modloaders.forgecdn.net/647622546/maven/cpw/mods/modlauncher/9.1.3/modlauncher-9.1.3.jar\",\"sha1\":\"7339d0e87813c366d706c3fdba479455e2283ecd\",\"size\":129301}}},{\"name\":\"net.minecraftforge:unsafe:0.2.0\",\"url\":null,\"serverreq\":null,\"clientreq\":null,\"natives\":null,\"extract\":null,\"rules\":null,\"downloads\":{\"artifact\":{\"path\":\"net/minecraftforge/unsafe/0.2.0/unsafe-0.2.0.jar\",\"url\":\"https://modloaders.forgecdn.net/647622546/maven/net/minecraftforge/unsafe/0.2.0/unsafe-0.2.0.jar\",\"sha1\":\"54d7a0a5e8fdb71b973025caa46f341ae5904f39\",\"size\":2834}}},{\"name\":\"com.electronwill.night-config:core:3.6.4\",\"url\":null,\"serverreq\":null,\"clientreq\":null,\"natives\":null,\"extract\":null,\"rules\":null,\"downloads\":{\"artifact\":{\"path\":\"com/electronwill/night-config/core/3.6.4/core-3.6.4.jar\",\"url\":\"https://modloaders.forgecdn.net/647622546/maven/com/electronwill/night-config/core/3.6.4/core-3.6.4.jar\",\"sha1\":\"510f174abbf1c947494db50ef2445683bd52c230\",\"size\":199834}}},{\"name\":\"com.electronwill.night-config:toml:3.6.4\",\"url\":null,\"serverreq\":null,\"clientreq\":null,\"natives\":null,\"extract\":null,\"rules\":null,\"downloads\":{\"artifact\":{\"path\":\"com/electronwill/night-config/toml/3.6.4/toml-3.6.4.jar\",\"url\":\"https://modloaders.forgecdn.net/647622546/maven/com/electronwill/night-config/toml/3.6.4/toml-3.6.4.jar\",\"sha1\":\"51d6cefb2b55ee55ee26b16391212fb2c7dfb4f4\",\"size\":31816}}},{\"name\":\"org.apache.maven:maven-artifact:3.6.3\",\"url\":null,\"serverreq\":null,\"clientreq\":null,\"natives\":null,\"extract\":null,\"rules\":null,\"downloads\":{\"artifact\":{\"path\":\"org/apache/maven/maven-artifact/3.6.3/maven-artifact-3.6.3.jar\",\"url\":\"https://modloaders.forgecdn.net/647622546/maven/org/apache/maven/maven-artifact/3.6.3/maven-artifact-3.6.3.jar\",\"sha1\":\"f8ff8032903882376e8d000c51e3e16d20fc7df7\",\"size\":57824}}},{\"name\":\"net.jodah:typetools:0.8.3\",\"url\":null,\"serverreq\":null,\"clientreq\":null,\"natives\":null,\"extract\":null,\"rules\":null,\"downloads\":{\"artifact\":{\"path\":\"net/jodah/typetools/0.8.3/typetools-0.8.3.jar\",\"url\":\"https://modloaders.forgecdn.net/647622546/maven/net/jodah/typetools/0.8.3/typetools-0.8.3.jar\",\"sha1\":\"98f84f353457629e81cc6827224871b1a8faa7af\",\"size\":15425}}},{\"name\":\"net.minecrell:terminalconsoleappender:1.2.0\",\"url\":null,\"serverreq\":null,\"clientreq\":null,\"natives\":null,\"extract\":null,\"rules\":null,\"downloads\":{\"artifact\":{\"path\":\"net/minecrell/terminalconsoleappender/1.2.0/terminalconsoleappender-1.2.0.jar\",\"url\":\"https://modloaders.forgecdn.net/647622546/maven/net/minecrell/terminalconsoleappender/1.2.0/terminalconsoleappender-1.2.0.jar\",\"sha1\":\"96d02cd3b384ff015a8fef4223bcb4ccf1717c95\",\"size\":15977}}},{\"name\":\"org.jline:jline-reader:3.12.1\",\"url\":null,\"serverreq\":null,\"clientreq\":null,\"natives\":null,\"extract\":null,\"rules\":null,\"downloads\":{\"artifact\":{\"path\":\"org/jline/jline-reader/3.12.1/jline-reader-3.12.1.jar\",\"url\":\"https://modloaders.forgecdn.net/647622546/maven/org/jline/jline-reader/3.12.1/jline-reader-3.12.1.jar\",\"sha1\":\"4382ab1382c7b6f379377ed5f665dc2f6e1218bc\",\"size\":150765}}},{\"name\":\"org.jline:jline-terminal:3.12.1\",\"url\":null,\"serverreq\":null,\"clientreq\":null,\"natives\":null,\"extract\":null,\"rules\":null,\"downloads\":{\"artifact\":{\"path\":\"org/jline/jline-terminal/3.12.1/jline-terminal-3.12.1.jar\",\"url\":\"https://modloaders.forgecdn.net/647622546/maven/org/jline/jline-terminal/3.12.1/jline-terminal-3.12.1.jar\",\"sha1\":\"c777448314e050d980a6b697c140f3bfe9eb7416\",\"size\":211712}}},{\"name\":\"org.spongepowered:mixin:0.8.5\",\"url\":null,\"serverreq\":null,\"clientreq\":null,\"natives\":null,\"extract\":null,\"rules\":null,\"downloads\":{\"artifact\":{\"path\":\"org/spongepowered/mixin/0.8.5/mixin-0.8.5.jar\",\"url\":\"https://modloaders.forgecdn.net/647622546/maven/org/spongepowered/mixin/0.8.5/mixin-0.8.5.jar\",\"sha1\":\"9d1c0c3a304ae6697ecd477218fa61b850bf57fc\",\"size\":1089277}}},{\"name\":\"org.openjdk.nashorn:nashorn-core:15.3\",\"url\":null,\"serverreq\":null,\"clientreq\":null,\"natives\":null,\"extract\":null,\"rules\":null,\"downloads\":{\"artifact\":{\"path\":\"org/openjdk/nashorn/nashorn-core/15.3/nashorn-core-15.3.jar\",\"url\":\"https://modloaders.forgecdn.net/647622546/maven/org/openjdk/nashorn/nashorn-core/15.3/nashorn-core-15.3.jar\",\"sha1\":\"43977e804697048fc8d81d333a36c17d07a5b3dd\",\"size\":2167288}}},{\"name\":\"net.minecraftforge:JarJar:0.3.0\",\"url\":null,\"serverreq\":null,\"clientreq\":null,\"natives\":null,\"extract\":null,\"rules\":null,\"downloads\":{\"artifact\":{\"path\":\"net/minecraftforge/JarJar/0.3.0/JarJar-0.3.0.jar\",\"url\":\"https://modloaders.forgecdn.net/647622546/maven/net/minecraftforge/JarJar/0.3.0/JarJar-0.3.0.jar\",\"sha1\":\"224dc7851fd1613b681365adcd8af636aa52e505\",\"size\":60569}}},{\"name\":\"cpw.mods:bootstraplauncher:1.0.0\",\"url\":null,\"serverreq\":null,\"clientreq\":null,\"natives\":null,\"extract\":null,\"rules\":null,\"downloads\":{\"artifact\":{\"path\":\"cpw/mods/bootstraplauncher/1.0.0/bootstraplauncher-1.0.0.jar\",\"url\":\"https://modloaders.forgecdn.net/647622546/maven/cpw/mods/bootstraplauncher/1.0.0/bootstraplauncher-1.0.0.jar\",\"sha1\":\"f55ddbb35612c6745cefc47d1a0d6dbfb25d3982\",\"size\":7828}}},{\"name\":\"net.minecraftforge:fmlloader:1.18.2-40.2.0\",\"url\":null,\"serverreq\":null,\"clientreq\":null,\"natives\":null,\"extract\":null,\"rules\":null,\"downloads\":{\"artifact\":{\"path\":\"net/minecraftforge/fmlloader/1.18.2-40.2.0/fmlloader-1.18.2-40.2.0.jar\",\"url\":\"https://modloaders.forgecdn.net/647622546/maven/net/minecraftforge/fmlloader/1.18.2-40.2.0/fmlloader-1.18.2-40.2.0.jar\",\"sha1\":\"1166c0df109ded579c9b9c84c81c814aa51f2949\",\"size\":256614}}}],\"mainClass\":\"cpw.mods.bootstraplauncher.BootstrapLauncher\",\"arguments\":{\"game\":[\"--launchTarget\",\"forgeclient\",\"--fml.forgeVersion\",\"40.2.0\",\"--fml.mcVersion\",\"1.18.2\",\"--fml.forgeGroup\",\"net.minecraftforge\",\"--fml.mcpVersion\",\"20220404.173914\"],\"jvm\":[\"-Djava.net.preferIPv6Addresses=system\",\"-DignoreList=bootstraplauncher,securejarhandler,asm-commons,asm-util,asm-analysis,asm-tree,asm,client-extra,fmlcore,javafmllanguage,lowcodelanguage,mclanguage,forge-,${version_name}.jar,forge-40.2.0\",\"-DmergeModules=jna-5.10.0.jar,jna-platform-5.10.0.jar,java-objc-bridge-1.0.0.jar\",\"-DlibraryDirectory=${library_directory}\",\"-p\",\"${library_directory}/cpw/mods/bootstraplauncher/1.0.0/bootstraplauncher-1.0.0.jar${classpath_separator}${library_directory}/cpw/mods/securejarhandler/1.0.3/securejarhandler-1.0.3.jar${classpath_separator}${library_directory}/org/ow2/asm/asm-commons/9.2/asm-commons-9.2.jar${classpath_separator}${library_directory}/org/ow2/asm/asm-util/9.2/asm-util-9.2.jar${classpath_separator}${library_directory}/org/ow2/asm/asm-analysis/9.2/asm-analysis-9.2.jar${classpath_separator}${library_directory}/org/ow2/asm/asm-tree/9.2/asm-tree-9.2.jar${classpath_separator}${library_directory}/org/ow2/asm/asm/9.2/asm-9.2.jar\",\"--add-modules\",\"ALL-MODULE-PATH\",\"--add-opens\",\"java.base/java.util.jar=cpw.mods.securejarhandler\",\"--add-exports\",\"java.base/sun.security.util=cpw.mods.securejarhandler\",\"--add-exports\",\"jdk.naming.dns/com.sun.jndi.dns=java.naming\"]}}","librariesInstallLocation":"{0}\\libraries\\net\\minecraftforge\\forge\\1.18.2-40.2.0","minecraftVersion":"1.18.2","installProfileJson":"{\r\n  \"_comment_\": [\r\n    \"Please do not automate the download and installation of Forge.\",\r\n    \"Our efforts are supported by ads from the download page.\",\r\n    \"If you MUST automate this, please consider supporting the project through https://www.patreon.com/LexManos/\"\r\n  ],\r\n  \"profile\": \"forge\",\r\n  \"version\": \"1.18.2-forge-40.2.0\",\r\n  \"json\": \"/version.json\",\r\n  \"path\": \"net.minecraftforge:forge:1.18.2-40.2.0\",\r\n  \"logo\": \"/big_logo.png\",\r\n  \"minecraft\": \"1.18.2\",\r\n  \"welcome\": \"Welcome to the simple Forge installer.\",\r\n  \"data\": {\r\n    \"MAPPINGS\": {\r\n      \"client\": \"[de.oceanlabs.mcp:mcp_config:1.18.2-20220404.173914:mappings@txt]\",\r\n      \"server\": \"[de.oceanlabs.mcp:mcp_config:1.18.2-20220404.173914:mappings@txt]\"\r\n    },\r\n    \"MOJMAPS\": {\r\n      \"client\": \"[net.minecraft:client:1.18.2-20220404.173914:mappings@txt]\",\r\n      \"server\": \"[net.minecraft:server:1.18.2-20220404.173914:mappings@txt]\"\r\n    },\r\n    \"MERGED_MAPPINGS\": {\r\n      \"client\": \"[de.oceanlabs.mcp:mcp_config:1.18.2-20220404.173914:mappings-merged@txt]\",\r\n      \"server\": \"[de.oceanlabs.mcp:mcp_config:1.18.2-20220404.173914:mappings-merged@txt]\"\r\n    },\r\n    \"BINPATCH\": {\r\n      \"client\": \"/data/client.lzma\",\r\n      \"server\": \"/data/server.lzma\"\r\n    },\r\n    \"MC_UNPACKED\": {\r\n      \"client\": \"[net.minecraft:client:1.18.2-20220404.173914:unpacked]\",\r\n      \"server\": \"[net.minecraft:server:1.18.2-20220404.173914:unpacked]\"\r\n    },\r\n    \"MC_SLIM\": {\r\n      \"client\": \"[net.minecraft:client:1.18.2-20220404.173914:slim]\",\r\n      \"server\": \"[net.minecraft:server:1.18.2-20220404.173914:slim]\"\r\n    },\r\n    \"MC_SLIM_SHA\": {\r\n      \"client\": \"'2b8907919c1d51fda0b2ace0eba8a8b73855198f'\",\r\n      \"server\": \"'92c652fa6f3574b07d31ab22696c2dbdcd0c4c04'\"\r\n    },\r\n    \"MC_EXTRA\": {\r\n      \"client\": \"[net.minecraft:client:1.18.2-20220404.173914:extra]\",\r\n      \"server\": \"[net.minecraft:server:1.18.2-20220404.173914:extra]\"\r\n    },\r\n    \"MC_EXTRA_SHA\": {\r\n      \"client\": \"'52e1b15676c03b5e1b769f5bd7d89426e9807c89'\",\r\n      \"server\": \"'4f1ba0161f6d78345feaf2f469abf809ee18cd9f'\"\r\n    },\r\n    \"MC_SRG\": {\r\n      \"client\": \"[net.minecraft:client:1.18.2-20220404.173914:srg]\",\r\n      \"server\": \"[net.minecraft:server:1.18.2-20220404.173914:srg]\"\r\n    },\r\n    \"PATCHED\": {\r\n      \"client\": \"[net.minecraftforge:forge:1.18.2-40.2.0:client]\",\r\n      \"server\": \"[net.minecraftforge:forge:1.18.2-40.2.0:server]\"\r\n    },\r\n    \"_PATCHED_SHA\": {\r\n      \"client\": \"'cdb4d4f8c358d1316025084791669dfc9676ba9a'\",\r\n      \"server\": \"'a80b6e80315b6c554a13ffaa13dcd568b81a9f82'\"\r\n    },\r\n    \"MCP_VERSION\": {\r\n      \"client\": \"'20220404.173914'\",\r\n      \"server\": \"'20220404.173914'\"\r\n    },\r\n    \"SIDE\": {\r\n      \"client\": \"client\",\r\n      \"server\": \"server\"\r\n    }\r\n  },\r\n  \"processors\": [\r\n    {\r\n      \"jar\": \"net.minecraftforge:installertools:1.3.0\",\r\n      \"classpath\": [\r\n        \"net.md-5:SpecialSource:1.11.0\",\r\n        \"net.sf.jopt-simple:jopt-simple:5.0.4\",\r\n        \"com.google.code.gson:gson:2.8.7\",\r\n        \"de.siegmar:fastcsv:2.0.0\",\r\n        \"net.minecraftforge:srgutils:0.4.11\",\r\n        \"org.ow2.asm:asm-commons:9.3\",\r\n        \"com.google.guava:guava:20.0\",\r\n        \"com.opencsv:opencsv:4.4\",\r\n        \"org.ow2.asm:asm-analysis:9.3\",\r\n        \"org.ow2.asm:asm-tree:9.3\",\r\n        \"org.ow2.asm:asm:9.3\",\r\n        \"org.apache.commons:commons-text:1.3\",\r\n        \"org.apache.commons:commons-lang3:3.8.1\",\r\n        \"commons-beanutils:commons-beanutils:1.9.3\",\r\n        \"org.apache.commons:commons-collections4:4.2\",\r\n        \"commons-logging:commons-logging:1.2\",\r\n        \"commons-collections:commons-collections:3.2.2\"\r\n      ],\r\n      \"args\": [\r\n        \"--task\",\r\n        \"MCP_DATA\",\r\n        \"--input\",\r\n        \"[de.oceanlabs.mcp:mcp_config:1.18.2-20220404.173914@zip]\",\r\n        \"--output\",\r\n        \"{MAPPINGS}\",\r\n        \"--key\",\r\n        \"mappings\"\r\n      ]\r\n    },\r\n    {\r\n      \"jar\": \"net.minecraftforge:installertools:1.3.0\",\r\n      \"classpath\": [\r\n        \"net.md-5:SpecialSource:1.11.0\",\r\n        \"net.sf.jopt-simple:jopt-simple:5.0.4\",\r\n        \"com.google.code.gson:gson:2.8.7\",\r\n        \"de.siegmar:fastcsv:2.0.0\",\r\n        \"net.minecraftforge:srgutils:0.4.11\",\r\n        \"org.ow2.asm:asm-commons:9.3\",\r\n        \"com.google.guava:guava:20.0\",\r\n        \"com.opencsv:opencsv:4.4\",\r\n        \"org.ow2.asm:asm-analysis:9.3\",\r\n        \"org.ow2.asm:asm-tree:9.3\",\r\n        \"org.ow2.asm:asm:9.3\",\r\n        \"org.apache.commons:commons-text:1.3\",\r\n        \"org.apache.commons:commons-lang3:3.8.1\",\r\n        \"commons-beanutils:commons-beanutils:1.9.3\",\r\n        \"org.apache.commons:commons-collections4:4.2\",\r\n        \"commons-logging:commons-logging:1.2\",\r\n        \"commons-collections:commons-collections:3.2.2\"\r\n      ],\r\n      \"args\": [\r\n        \"--task\",\r\n        \"DOWNLOAD_MOJMAPS\",\r\n        \"--version\",\r\n        \"1.18.2\",\r\n        \"--side\",\r\n        \"{SIDE}\",\r\n        \"--output\",\r\n        \"{MOJMAPS}\"\r\n      ]\r\n    },\r\n    {\r\n      \"jar\": \"net.minecraftforge:installertools:1.3.0\",\r\n      \"classpath\": [\r\n        \"net.md-5:SpecialSource:1.11.0\",\r\n        \"net.sf.jopt-simple:jopt-simple:5.0.4\",\r\n        \"com.google.code.gson:gson:2.8.7\",\r\n        \"de.siegmar:fastcsv:2.0.0\",\r\n        \"net.minecraftforge:srgutils:0.4.11\",\r\n        \"org.ow2.asm:asm-commons:9.3\",\r\n        \"com.google.guava:guava:20.0\",\r\n        \"com.opencsv:opencsv:4.4\",\r\n        \"org.ow2.asm:asm-analysis:9.3\",\r\n        \"org.ow2.asm:asm-tree:9.3\",\r\n        \"org.ow2.asm:asm:9.3\",\r\n        \"org.apache.commons:commons-text:1.3\",\r\n        \"org.apache.commons:commons-lang3:3.8.1\",\r\n        \"commons-beanutils:commons-beanutils:1.9.3\",\r\n        \"org.apache.commons:commons-collections4:4.2\",\r\n        \"commons-logging:commons-logging:1.2\",\r\n        \"commons-collections:commons-collections:3.2.2\"\r\n      ],\r\n      \"args\": [\r\n        \"--task\",\r\n        \"MERGE_MAPPING\",\r\n        \"--left\",\r\n        \"{MAPPINGS}\",\r\n        \"--right\",\r\n        \"{MOJMAPS}\",\r\n        \"--output\",\r\n        \"{MERGED_MAPPINGS}\",\r\n        \"--classes\",\r\n        \"--reverse-right\"\r\n      ]\r\n    },\r\n    {\r\n      \"jar\": \"net.minecraftforge:jarsplitter:1.1.4\",\r\n      \"classpath\": [\r\n        \"net.sf.jopt-simple:jopt-simple:5.0.4\",\r\n        \"net.minecraftforge:srgutils:0.4.3\"\r\n      ],\r\n      \"args\": [\r\n        \"--input\",\r\n        \"{MINECRAFT_JAR}\",\r\n        \"--slim\",\r\n        \"{MC_SLIM}\",\r\n        \"--extra\",\r\n        \"{MC_EXTRA}\",\r\n        \"--srg\",\r\n        \"{MERGED_MAPPINGS}\"\r\n      ],\r\n      \"sides\": [\r\n        \"client\"\r\n      ],\r\n      \"outputs\": {\r\n        \"{MC_SLIM}\": \"{MC_SLIM_SHA}\",\r\n        \"{MC_EXTRA}\": \"{MC_EXTRA_SHA}\"\r\n      }\r\n    },\r\n    {\r\n      \"jar\": \"net.minecraftforge:ForgeAutoRenamingTool:0.1.22:all\",\r\n      \"classpath\": [\r\n        \"net.sf.jopt-simple:jopt-simple:6.0-alpha-3\",\r\n        \"org.ow2.asm:asm-commons:9.2\",\r\n        \"org.ow2.asm:asm-analysis:9.2\",\r\n        \"org.ow2.asm:asm-tree:9.2\",\r\n        \"org.ow2.asm:asm:9.2\",\r\n        \"net.minecraftforge:srgutils:0.4.9\"\r\n      ],\r\n      \"args\": [\r\n        \"--input\",\r\n        \"{MC_SLIM}\",\r\n        \"--output\",\r\n        \"{MC_SRG}\",\r\n        \"--names\",\r\n        \"{MERGED_MAPPINGS}\",\r\n        \"--ann-fix\",\r\n        \"--ids-fix\",\r\n        \"--src-fix\",\r\n        \"--record-fix\"\r\n      ]\r\n    },\r\n    {\r\n      \"jar\": \"net.minecraftforge:binarypatcher:1.0.12\",\r\n      \"classpath\": [\r\n        \"commons-io:commons-io:2.4\",\r\n        \"com.google.guava:guava:25.1-jre\",\r\n        \"net.sf.jopt-simple:jopt-simple:5.0.4\",\r\n        \"com.github.jponge:lzma-java:1.3\",\r\n        \"com.nothome:javaxdelta:2.0.1\",\r\n        \"com.google.code.findbugs:jsr305:3.0.2\",\r\n        \"org.checkerframework:checker-qual:2.0.0\",\r\n        \"com.google.errorprone:error_prone_annotations:2.1.3\",\r\n        \"com.google.j2objc:j2objc-annotations:1.1\",\r\n        \"org.codehaus.mojo:animal-sniffer-annotations:1.14\",\r\n        \"trove:trove:1.0.2\"\r\n      ],\r\n      \"args\": [\r\n        \"--clean\",\r\n        \"{MC_SRG}\",\r\n        \"--output\",\r\n        \"{PATCHED}\",\r\n        \"--apply\",\r\n        \"{BINPATCH}\"\r\n      ]\r\n    }\r\n  ],\r\n  \"libraries\": [\r\n    {\r\n      \"name\": \"com.github.jponge:lzma-java:1.3\",\r\n      \"downloads\": {\r\n        \"artifact\": {\r\n          \"path\": \"com/github/jponge/lzma-java/1.3/lzma-java-1.3.jar\",\r\n          \"url\": \"https://modloaders.forgecdn.net/647622546/maven/com/github/jponge/lzma-java/1.3/lzma-java-1.3.jar\",\r\n          \"sha1\": \"a25db9d4d385ccda4825ae1b47a7a61d86e595af\",\r\n          \"size\": 51041\r\n        }\r\n      }\r\n    },\r\n    {\r\n      \"name\": \"com.google.code.findbugs:jsr305:3.0.2\",\r\n      \"downloads\": {\r\n        \"artifact\": {\r\n          \"path\": \"com/google/code/findbugs/jsr305/3.0.2/jsr305-3.0.2.jar\",\r\n          \"url\": \"https://modloaders.forgecdn.net/647622546/maven/com/google/code/findbugs/jsr305/3.0.2/jsr305-3.0.2.jar\",\r\n          \"sha1\": \"25ea2e8b0c338a877313bd4672d3fe056ea78f0d\",\r\n          \"size\": 19936\r\n        }\r\n      }\r\n    },\r\n    {\r\n      \"name\": \"com.google.code.gson:gson:2.8.7\",\r\n      \"downloads\": {\r\n        \"artifact\": {\r\n          \"path\": \"com/google/code/gson/gson/2.8.7/gson-2.8.7.jar\",\r\n          \"url\": \"https://modloaders.forgecdn.net/647622546/maven/com/google/code/gson/gson/2.8.7/gson-2.8.7.jar\",\r\n          \"sha1\": \"69d9503ea0a40ee16f0bcdac7e3eaf83d0fa914a\",\r\n          \"size\": 240400\r\n        }\r\n      }\r\n    },\r\n    {\r\n      \"name\": \"com.google.errorprone:error_prone_annotations:2.1.3\",\r\n      \"downloads\": {\r\n        \"artifact\": {\r\n          \"path\": \"com/google/errorprone/error_prone_annotations/2.1.3/error_prone_annotations-2.1.3.jar\",\r\n          \"url\": \"https://modloaders.forgecdn.net/647622546/maven/com/google/errorprone/error_prone_annotations/2.1.3/error_prone_annotations-2.1.3.jar\",\r\n          \"sha1\": \"39b109f2cd352b2d71b52a3b5a1a9850e1dc304b\",\r\n          \"size\": 13704\r\n        }\r\n      }\r\n    },\r\n    {\r\n      \"name\": \"com.google.guava:guava:20.0\",\r\n      \"downloads\": {\r\n        \"artifact\": {\r\n          \"path\": \"com/google/guava/guava/20.0/guava-20.0.jar\",\r\n          \"url\": \"https://modloaders.forgecdn.net/647622546/maven/com/google/guava/guava/20.0/guava-20.0.jar\",\r\n          \"sha1\": \"89507701249388e1ed5ddcf8c41f4ce1be7831ef\",\r\n          \"size\": 2442625\r\n        }\r\n      }\r\n    },\r\n    {\r\n      \"name\": \"com.google.guava:guava:25.1-jre\",\r\n      \"downloads\": {\r\n        \"artifact\": {\r\n          \"path\": \"com/google/guava/guava/25.1-jre/guava-25.1-jre.jar\",\r\n          \"url\": \"https://modloaders.forgecdn.net/647622546/maven/com/google/guava/guava/25.1-jre/guava-25.1-jre.jar\",\r\n          \"sha1\": \"6c57e4b22b44e89e548b5c9f70f0c45fe10fb0b4\",\r\n          \"size\": 2734339\r\n        }\r\n      }\r\n    },\r\n    {\r\n      \"name\": \"com.google.j2objc:j2objc-annotations:1.1\",\r\n      \"downloads\": {\r\n        \"artifact\": {\r\n          \"path\": \"com/google/j2objc/j2objc-annotations/1.1/j2objc-annotations-1.1.jar\",\r\n          \"url\": \"https://modloaders.forgecdn.net/647622546/maven/com/google/j2objc/j2objc-annotations/1.1/j2objc-annotations-1.1.jar\",\r\n          \"sha1\": \"ed28ded51a8b1c6b112568def5f4b455e6809019\",\r\n          \"size\": 8782\r\n        }\r\n      }\r\n    },\r\n    {\r\n      \"name\": \"com.nothome:javaxdelta:2.0.1\",\r\n      \"downloads\": {\r\n        \"artifact\": {\r\n          \"path\": \"com/nothome/javaxdelta/2.0.1/javaxdelta-2.0.1.jar\",\r\n          \"url\": \"https://modloaders.forgecdn.net/647622546/maven/com/nothome/javaxdelta/2.0.1/javaxdelta-2.0.1.jar\",\r\n          \"sha1\": \"d4f5d077f1b15c6f67595015d69572303ad3f66d\",\r\n          \"size\": 38995\r\n        }\r\n      }\r\n    },\r\n    {\r\n      \"name\": \"com.opencsv:opencsv:4.4\",\r\n      \"downloads\": {\r\n        \"artifact\": {\r\n          \"path\": \"com/opencsv/opencsv/4.4/opencsv-4.4.jar\",\r\n          \"url\": \"https://modloaders.forgecdn.net/647622546/maven/com/opencsv/opencsv/4.4/opencsv-4.4.jar\",\r\n          \"sha1\": \"525932a1edf46c9ca75aa9c83d31dc180c186865\",\r\n          \"size\": 167167\r\n        }\r\n      }\r\n    },\r\n    {\r\n      \"name\": \"commons-beanutils:commons-beanutils:1.9.3\",\r\n      \"downloads\": {\r\n        \"artifact\": {\r\n          \"path\": \"commons-beanutils/commons-beanutils/1.9.3/commons-beanutils-1.9.3.jar\",\r\n          \"url\": \"https://modloaders.forgecdn.net/647622546/maven/commons-beanutils/commons-beanutils/1.9.3/commons-beanutils-1.9.3.jar\",\r\n          \"sha1\": \"c845703de334ddc6b4b3cd26835458cb1cba1f3d\",\r\n          \"size\": 246174\r\n        }\r\n      }\r\n    },\r\n    {\r\n      \"name\": \"commons-collections:commons-collections:3.2.2\",\r\n      \"downloads\": {\r\n        \"artifact\": {\r\n          \"path\": \"commons-collections/commons-collections/3.2.2/commons-collections-3.2.2.jar\",\r\n          \"url\": \"https://modloaders.forgecdn.net/647622546/maven/commons-collections/commons-collections/3.2.2/commons-collections-3.2.2.jar\",\r\n          \"sha1\": \"8ad72fe39fa8c91eaaf12aadb21e0c3661fe26d5\",\r\n          \"size\": 588337\r\n        }\r\n      }\r\n    },\r\n    {\r\n      \"name\": \"commons-io:commons-io:2.4\",\r\n      \"downloads\": {\r\n        \"artifact\": {\r\n          \"path\": \"commons-io/commons-io/2.4/commons-io-2.4.jar\",\r\n          \"url\": \"https://modloaders.forgecdn.net/647622546/maven/commons-io/commons-io/2.4/commons-io-2.4.jar\",\r\n          \"sha1\": \"b1b6ea3b7e4aa4f492509a4952029cd8e48019ad\",\r\n          \"size\": 185140\r\n        }\r\n      }\r\n    },\r\n    {\r\n      \"name\": \"commons-logging:commons-logging:1.2\",\r\n      \"downloads\": {\r\n        \"artifact\": {\r\n          \"path\": \"commons-logging/commons-logging/1.2/commons-logging-1.2.jar\",\r\n          \"url\": \"https://modloaders.forgecdn.net/647622546/maven/commons-logging/commons-logging/1.2/commons-logging-1.2.jar\",\r\n          \"sha1\": \"4bfc12adfe4842bf07b657f0369c4cb522955686\",\r\n          \"size\": 61829\r\n        }\r\n      }\r\n    },\r\n    {\r\n      \"name\": \"de.oceanlabs.mcp:mcp_config:1.18.2-20220404.173914@zip\",\r\n      \"downloads\": {\r\n        \"artifact\": {\r\n          \"path\": \"de/oceanlabs/mcp/mcp_config/1.18.2-20220404.173914/mcp_config-1.18.2-20220404.173914.zip\",\r\n          \"url\": \"https://modloaders.forgecdn.net/647622546/maven/de/oceanlabs/mcp/mcp_config/1.18.2-20220404.173914/mcp_config-1.18.2-20220404.173914.zip\",\r\n          \"sha1\": \"ce7571bb8b3367a0368e4b94f6a182e1b523bb4a\",\r\n          \"size\": 1513918\r\n        }\r\n      }\r\n    },\r\n    {\r\n      \"name\": \"de.siegmar:fastcsv:2.0.0\",\r\n      \"downloads\": {\r\n        \"artifact\": {\r\n          \"path\": \"de/siegmar/fastcsv/2.0.0/fastcsv-2.0.0.jar\",\r\n          \"url\": \"https://modloaders.forgecdn.net/647622546/maven/de/siegmar/fastcsv/2.0.0/fastcsv-2.0.0.jar\",\r\n          \"sha1\": \"b615f26c03edeac966618b93b9ee4f4eed50aae1\",\r\n          \"size\": 29476\r\n        }\r\n      }\r\n    },\r\n    {\r\n      \"name\": \"net.md-5:SpecialSource:1.11.0\",\r\n      \"downloads\": {\r\n        \"artifact\": {\r\n          \"path\": \"net/md-5/SpecialSource/1.11.0/SpecialSource-1.11.0.jar\",\r\n          \"url\": \"https://modloaders.forgecdn.net/647622546/maven/net/md-5/SpecialSource/1.11.0/SpecialSource-1.11.0.jar\",\r\n          \"sha1\": \"43b84c4bb8d01cf90a29dfeec1c958a4b64baf46\",\r\n          \"size\": 88737\r\n        }\r\n      }\r\n    },\r\n    {\r\n      \"name\": \"net.minecraftforge:ForgeAutoRenamingTool:0.1.22:all\",\r\n      \"downloads\": {\r\n        \"artifact\": {\r\n          \"path\": \"net/minecraftforge/ForgeAutoRenamingTool/0.1.22/ForgeAutoRenamingTool-0.1.22-all.jar\",\r\n          \"url\": \"https://modloaders.forgecdn.net/647622546/maven/net/minecraftforge/ForgeAutoRenamingTool/0.1.22/ForgeAutoRenamingTool-0.1.22-all.jar\",\r\n          \"sha1\": \"0b337aca253a6fe63f9c39d4e6272ca1b2e7cfd8\",\r\n          \"size\": 509933\r\n        }\r\n      }\r\n    },\r\n    {\r\n      \"name\": \"net.minecraftforge:binarypatcher:1.0.12\",\r\n      \"downloads\": {\r\n        \"artifact\": {\r\n          \"path\": \"net/minecraftforge/binarypatcher/1.0.12/binarypatcher-1.0.12.jar\",\r\n          \"url\": \"https://modloaders.forgecdn.net/647622546/maven/net/minecraftforge/binarypatcher/1.0.12/binarypatcher-1.0.12.jar\",\r\n          \"sha1\": \"971ea098f83ef2e1b96c1b7849465bb79fd05838\",\r\n          \"size\": 16491\r\n        }\r\n      }\r\n    },\r\n    {\r\n      \"name\": \"net.minecraftforge:fmlcore:1.18.2-40.2.0\",\r\n      \"downloads\": {\r\n        \"artifact\": {\r\n          \"path\": \"net/minecraftforge/fmlcore/1.18.2-40.2.0/fmlcore-1.18.2-40.2.0.jar\",\r\n          \"url\": \"https://modloaders.forgecdn.net/647622546/maven/net/minecraftforge/fmlcore/1.18.2-40.2.0/fmlcore-1.18.2-40.2.0.jar\",\r\n          \"sha1\": \"4f2c9b9eb2817afedcc4b5460d9ee7b185184ed4\",\r\n          \"size\": 109981\r\n        }\r\n      }\r\n    },\r\n    {\r\n      \"name\": \"net.minecraftforge:fmlloader:1.18.2-40.2.0\",\r\n      \"downloads\": {\r\n        \"artifact\": {\r\n          \"path\": \"net/minecraftforge/fmlloader/1.18.2-40.2.0/fmlloader-1.18.2-40.2.0.jar\",\r\n          \"url\": \"https://modloaders.forgecdn.net/647622546/maven/net/minecraftforge/fmlloader/1.18.2-40.2.0/fmlloader-1.18.2-40.2.0.jar\",\r\n          \"sha1\": \"1166c0df109ded579c9b9c84c81c814aa51f2949\",\r\n          \"size\": 256614\r\n        }\r\n      }\r\n    },\r\n    {\r\n      \"name\": \"net.minecraftforge:forge:1.18.2-40.2.0:universal\",\r\n      \"downloads\": {\r\n        \"artifact\": {\r\n          \"path\": \"net/minecraftforge/forge/1.18.2-40.2.0/forge-1.18.2-40.2.0-universal.jar\",\r\n          \"url\": \"https://modloaders.forgecdn.net/647622546/maven/net/minecraftforge/forge/1.18.2-40.2.0/forge-1.18.2-40.2.0-universal.jar\",\r\n          \"sha1\": \"0644de5cc8f629acef3e0b34b50e868d4f762d12\",\r\n          \"size\": 2541328\r\n        }\r\n      }\r\n    },\r\n    {\r\n      \"name\": \"net.minecraftforge:installertools:1.3.0\",\r\n      \"downloads\": {\r\n        \"artifact\": {\r\n          \"path\": \"net/minecraftforge/installertools/1.3.0/installertools-1.3.0.jar\",\r\n          \"url\": \"https://modloaders.forgecdn.net/647622546/maven/net/minecraftforge/installertools/1.3.0/installertools-1.3.0.jar\",\r\n          \"sha1\": \"248be3a2b70ecf8aca430d52cbbecd4d63b077cc\",\r\n          \"size\": 83178\r\n        }\r\n      }\r\n    },\r\n    {\r\n      \"name\": \"net.minecraftforge:jarsplitter:1.1.4\",\r\n      \"downloads\": {\r\n        \"artifact\": {\r\n          \"path\": \"net/minecraftforge/jarsplitter/1.1.4/jarsplitter-1.1.4.jar\",\r\n          \"url\": \"https://modloaders.forgecdn.net/647622546/maven/net/minecraftforge/jarsplitter/1.1.4/jarsplitter-1.1.4.jar\",\r\n          \"sha1\": \"57ce2d6564c1176b23a911ef57127ff3c45bffb3\",\r\n          \"size\": 7405\r\n        }\r\n      }\r\n    },\r\n    {\r\n      \"name\": \"net.minecraftforge:javafmllanguage:1.18.2-40.2.0\",\r\n      \"downloads\": {\r\n        \"artifact\": {\r\n          \"path\": \"net/minecraftforge/javafmllanguage/1.18.2-40.2.0/javafmllanguage-1.18.2-40.2.0.jar\",\r\n          \"url\": \"https://modloaders.forgecdn.net/647622546/maven/net/minecraftforge/javafmllanguage/1.18.2-40.2.0/javafmllanguage-1.18.2-40.2.0.jar\",\r\n          \"sha1\": \"852eaf68007f6a5469e0887b7d08b2774b383cd6\",\r\n          \"size\": 16290\r\n        }\r\n      }\r\n    },\r\n    {\r\n      \"name\": \"net.minecraftforge:lowcodelanguage:1.18.2-40.2.0\",\r\n      \"downloads\": {\r\n        \"artifact\": {\r\n          \"path\": \"net/minecraftforge/lowcodelanguage/1.18.2-40.2.0/lowcodelanguage-1.18.2-40.2.0.jar\",\r\n          \"url\": \"https://modloaders.forgecdn.net/647622546/maven/net/minecraftforge/lowcodelanguage/1.18.2-40.2.0/lowcodelanguage-1.18.2-40.2.0.jar\",\r\n          \"sha1\": \"a75991cacedbe5f9b599b463dca55b00dcf1a67e\",\r\n          \"size\": 7380\r\n        }\r\n      }\r\n    },\r\n    {\r\n      \"name\": \"net.minecraftforge:mclanguage:1.18.2-40.2.0\",\r\n      \"downloads\": {\r\n        \"artifact\": {\r\n          \"path\": \"net/minecraftforge/mclanguage/1.18.2-40.2.0/mclanguage-1.18.2-40.2.0.jar\",\r\n          \"url\": \"https://modloaders.forgecdn.net/647622546/maven/net/minecraftforge/mclanguage/1.18.2-40.2.0/mclanguage-1.18.2-40.2.0.jar\",\r\n          \"sha1\": \"3674996268700c2d8653900d9286b793adde14c4\",\r\n          \"size\": 4984\r\n        }\r\n      }\r\n    },\r\n    {\r\n      \"name\": \"net.minecraftforge:srgutils:0.4.11\",\r\n      \"downloads\": {\r\n        \"artifact\": {\r\n          \"path\": \"net/minecraftforge/srgutils/0.4.11/srgutils-0.4.11.jar\",\r\n          \"url\": \"https://modloaders.forgecdn.net/647622546/maven/net/minecraftforge/srgutils/0.4.11/srgutils-0.4.11.jar\",\r\n          \"sha1\": \"fbad1341ffdb47d276bbdc40ecb06da49e053e74\",\r\n          \"size\": 69289\r\n        }\r\n      }\r\n    },\r\n    {\r\n      \"name\": \"net.minecraftforge:srgutils:0.4.3\",\r\n      \"downloads\": {\r\n        \"artifact\": {\r\n          \"path\": \"net/minecraftforge/srgutils/0.4.3/srgutils-0.4.3.jar\",\r\n          \"url\": \"https://modloaders.forgecdn.net/647622546/maven/net/minecraftforge/srgutils/0.4.3/srgutils-0.4.3.jar\",\r\n          \"sha1\": \"84aecb8fc78bd0dd7299bd9963ac9eb83bd00aad\",\r\n          \"size\": 69020\r\n        }\r\n      }\r\n    },\r\n    {\r\n      \"name\": \"net.minecraftforge:srgutils:0.4.9\",\r\n      \"downloads\": {\r\n        \"artifact\": {\r\n          \"path\": \"net/minecraftforge/srgutils/0.4.9/srgutils-0.4.9.jar\",\r\n          \"url\": \"https://modloaders.forgecdn.net/647622546/maven/net/minecraftforge/srgutils/0.4.9/srgutils-0.4.9.jar\",\r\n          \"sha1\": \"7595dae3ad2554b1dac30ae3a9521bd026639e38\",\r\n          \"size\": 69076\r\n        }\r\n      }\r\n    },\r\n    {\r\n      \"name\": \"net.sf.jopt-simple:jopt-simple:5.0.4\",\r\n      \"downloads\": {\r\n        \"artifact\": {\r\n          \"path\": \"net/sf/jopt-simple/jopt-simple/5.0.4/jopt-simple-5.0.4.jar\",\r\n          \"url\": \"https://modloaders.forgecdn.net/647622546/maven/net/sf/jopt-simple/jopt-simple/5.0.4/jopt-simple-5.0.4.jar\",\r\n          \"sha1\": \"4fdac2fbe92dfad86aa6e9301736f6b4342a3f5c\",\r\n          \"size\": 78146\r\n        }\r\n      }\r\n    },\r\n    {\r\n      \"name\": \"net.sf.jopt-simple:jopt-simple:6.0-alpha-3\",\r\n      \"downloads\": {\r\n        \"artifact\": {\r\n          \"path\": \"net/sf/jopt-simple/jopt-simple/6.0-alpha-3/jopt-simple-6.0-alpha-3.jar\",\r\n          \"url\": \"https://modloaders.forgecdn.net/647622546/maven/net/sf/jopt-simple/jopt-simple/6.0-alpha-3/jopt-simple-6.0-alpha-3.jar\",\r\n          \"sha1\": \"02ab1a73e1e22d2b73469362a0908a98644b681d\",\r\n          \"size\": 79368\r\n        }\r\n      }\r\n    },\r\n    {\r\n      \"name\": \"org.apache.commons:commons-collections4:4.2\",\r\n      \"downloads\": {\r\n        \"artifact\": {\r\n          \"path\": \"org/apache/commons/commons-collections4/4.2/commons-collections4-4.2.jar\",\r\n          \"url\": \"https://modloaders.forgecdn.net/647622546/maven/org/apache/commons/commons-collections4/4.2/commons-collections4-4.2.jar\",\r\n          \"sha1\": \"54ebea0a5b653d3c680131e73fe807bb8f78c4ed\",\r\n          \"size\": 752798\r\n        }\r\n      }\r\n    },\r\n    {\r\n      \"name\": \"org.apache.commons:commons-lang3:3.8.1\",\r\n      \"downloads\": {\r\n        \"artifact\": {\r\n          \"path\": \"org/apache/commons/commons-lang3/3.8.1/commons-lang3-3.8.1.jar\",\r\n          \"url\": \"https://modloaders.forgecdn.net/647622546/maven/org/apache/commons/commons-lang3/3.8.1/commons-lang3-3.8.1.jar\",\r\n          \"sha1\": \"6505a72a097d9270f7a9e7bf42c4238283247755\",\r\n          \"size\": 501879\r\n        }\r\n      }\r\n    },\r\n    {\r\n      \"name\": \"org.apache.commons:commons-text:1.3\",\r\n      \"downloads\": {\r\n        \"artifact\": {\r\n          \"path\": \"org/apache/commons/commons-text/1.3/commons-text-1.3.jar\",\r\n          \"url\": \"https://modloaders.forgecdn.net/647622546/maven/org/apache/commons/commons-text/1.3/commons-text-1.3.jar\",\r\n          \"sha1\": \"9abf61708a66ab5e55f6169a200dbfc584b546d9\",\r\n          \"size\": 182954\r\n        }\r\n      }\r\n    },\r\n    {\r\n      \"name\": \"org.checkerframework:checker-qual:2.0.0\",\r\n      \"downloads\": {\r\n        \"artifact\": {\r\n          \"path\": \"org/checkerframework/checker-qual/2.0.0/checker-qual-2.0.0.jar\",\r\n          \"url\": \"https://modloaders.forgecdn.net/647622546/maven/org/checkerframework/checker-qual/2.0.0/checker-qual-2.0.0.jar\",\r\n          \"sha1\": \"518929596ee3249127502a8573b2e008e2d51ed3\",\r\n          \"size\": 343222\r\n        }\r\n      }\r\n    },\r\n    {\r\n      \"name\": \"org.codehaus.mojo:animal-sniffer-annotations:1.14\",\r\n      \"downloads\": {\r\n        \"artifact\": {\r\n          \"path\": \"org/codehaus/mojo/animal-sniffer-annotations/1.14/animal-sniffer-annotations-1.14.jar\",\r\n          \"url\": \"https://modloaders.forgecdn.net/647622546/maven/org/codehaus/mojo/animal-sniffer-annotations/1.14/animal-sniffer-annotations-1.14.jar\",\r\n          \"sha1\": \"775b7e22fb10026eed3f86e8dc556dfafe35f2d5\",\r\n          \"size\": 3482\r\n        }\r\n      }\r\n    },\r\n    {\r\n      \"name\": \"org.ow2.asm:asm-analysis:9.2\",\r\n      \"downloads\": {\r\n        \"artifact\": {\r\n          \"path\": \"org/ow2/asm/asm-analysis/9.2/asm-analysis-9.2.jar\",\r\n          \"url\": \"https://modloaders.forgecdn.net/647622546/maven/org/ow2/asm/asm-analysis/9.2/asm-analysis-9.2.jar\",\r\n          \"sha1\": \"7487dd756daf96cab9986e44b9d7bcb796a61c10\",\r\n          \"size\": 34257\r\n        }\r\n      }\r\n    },\r\n    {\r\n      \"name\": \"org.ow2.asm:asm-analysis:9.3\",\r\n      \"downloads\": {\r\n        \"artifact\": {\r\n          \"path\": \"org/ow2/asm/asm-analysis/9.3/asm-analysis-9.3.jar\",\r\n          \"url\": \"https://modloaders.forgecdn.net/647622546/maven/org/ow2/asm/asm-analysis/9.3/asm-analysis-9.3.jar\",\r\n          \"sha1\": \"4b071f211b37c38e0e9f5998550197c8593f6ad8\",\r\n          \"size\": 34276\r\n        }\r\n      }\r\n    },\r\n    {\r\n      \"name\": \"org.ow2.asm:asm-commons:9.2\",\r\n      \"downloads\": {\r\n        \"artifact\": {\r\n          \"path\": \"org/ow2/asm/asm-commons/9.2/asm-commons-9.2.jar\",\r\n          \"url\": \"https://modloaders.forgecdn.net/647622546/maven/org/ow2/asm/asm-commons/9.2/asm-commons-9.2.jar\",\r\n          \"sha1\": \"f4d7f0fc9054386f2893b602454d48e07d4fbead\",\r\n          \"size\": 72642\r\n        }\r\n      }\r\n    },\r\n    {\r\n      \"name\": \"org.ow2.asm:asm-commons:9.3\",\r\n      \"downloads\": {\r\n        \"artifact\": {\r\n          \"path\": \"org/ow2/asm/asm-commons/9.3/asm-commons-9.3.jar\",\r\n          \"url\": \"https://modloaders.forgecdn.net/647622546/maven/org/ow2/asm/asm-commons/9.3/asm-commons-9.3.jar\",\r\n          \"sha1\": \"1f2a432d1212f5c352ae607d7b61dcae20c20af5\",\r\n          \"size\": 72716\r\n        }\r\n      }\r\n    },\r\n    {\r\n      \"name\": \"org.ow2.asm:asm-tree:9.2\",\r\n      \"downloads\": {\r\n        \"artifact\": {\r\n          \"path\": \"org/ow2/asm/asm-tree/9.2/asm-tree-9.2.jar\",\r\n          \"url\": \"https://modloaders.forgecdn.net/647622546/maven/org/ow2/asm/asm-tree/9.2/asm-tree-9.2.jar\",\r\n          \"sha1\": \"d96c99a30f5e1a19b0e609dbb19a44d8518ac01e\",\r\n          \"size\": 52660\r\n        }\r\n      }\r\n    },\r\n    {\r\n      \"name\": \"org.ow2.asm:asm-tree:9.3\",\r\n      \"downloads\": {\r\n        \"artifact\": {\r\n          \"path\": \"org/ow2/asm/asm-tree/9.3/asm-tree-9.3.jar\",\r\n          \"url\": \"https://modloaders.forgecdn.net/647622546/maven/org/ow2/asm/asm-tree/9.3/asm-tree-9.3.jar\",\r\n          \"sha1\": \"78d2ecd61318b5a58cd04fb237636c0e86b77d97\",\r\n          \"size\": 52669\r\n        }\r\n      }\r\n    },\r\n    {\r\n      \"name\": \"org.ow2.asm:asm:9.2\",\r\n      \"downloads\": {\r\n        \"artifact\": {\r\n          \"path\": \"org/ow2/asm/asm/9.2/asm-9.2.jar\",\r\n          \"url\": \"https://modloaders.forgecdn.net/647622546/maven/org/ow2/asm/asm/9.2/asm-9.2.jar\",\r\n          \"sha1\": \"81a03f76019c67362299c40e0ba13405f5467bff\",\r\n          \"size\": 122004\r\n        }\r\n      }\r\n    },\r\n    {\r\n      \"name\": \"org.ow2.asm:asm:9.3\",\r\n      \"downloads\": {\r\n        \"artifact\": {\r\n          \"path\": \"org/ow2/asm/asm/9.3/asm-9.3.jar\",\r\n          \"url\": \"https://modloaders.forgecdn.net/647622546/maven/org/ow2/asm/asm/9.3/asm-9.3.jar\",\r\n          \"sha1\": \"8e6300ef51c1d801a7ed62d07cd221aca3a90640\",\r\n          \"size\": 122176\r\n        }\r\n      }\r\n    },\r\n    {\r\n      \"name\": \"trove:trove:1.0.2\",\r\n      \"downloads\": {\r\n        \"artifact\": {\r\n          \"path\": \"trove/trove/1.0.2/trove-1.0.2.jar\",\r\n          \"url\": \"https://modloaders.forgecdn.net/647622546/maven/trove/trove/1.0.2/trove-1.0.2.jar\",\r\n          \"sha1\": \"112b40581ab9a4d3de4636d49985a7f686d181c8\",\r\n          \"size\": 361155\r\n        }\r\n      }\r\n    },\r\n    {\r\n      \"name\": \"net.minecraftforge:forge:1.18.2-40.2.0:clientdata@lzma\",\r\n      \"downloads\": {\r\n        \"artifact\": {\r\n          \"path\": \"net/minecraftforge/forge/1.18.2-40.2.0/forge-1.18.2-40.2.0-clientdata.lzma\",\r\n          \"url\": \"https://modloaders.forgecdn.net/647622546/maven/net/minecraftforge/forge/1.18.2-40.2.0/forge-1.18.2-40.2.0-clientdata.lzma\",\r\n          \"size\": 0\r\n        }\r\n      }\r\n    }\r\n  ]\r\n}"},"isUnlocked":true,"javaArgsOverride":null,"lastPlayed":"2023-05-07T09:22:16.5425232Z","playedCount":2,"manifest":null,"fileDate":"0001-01-01T00:00:00","installedModpack":null,"projectID":0,"fileID":0,"customAuthor":null,"modpackOverrides":[],"isMemoryOverride":false,"allocatedMemory":4096,"profileImagePath":null,"isVanilla":false,"guid":"60c70505-ea40-4c25-940d-9b70908a1763","gameTypeID":432,"installPath":"C:\\Users\\OnLap.Vn\\curseforge\\minecraft\\Instances\\Forge\\","name":"1.18.2 Forge Starter dev Modpack","cachedScans":[],"isValid":true,"lastPreviousMatchUpdate":"0001-01-01T00:00:00","lastRefreshAttempt":"0001-01-01T00:00:00","isEnabled":true,"gameVersion":"1.18.2","gameVersionFlavor":null,"gameVersionTypeId":null,"preferenceAlternateFile":false,"preferenceAutoInstallUpdates":false,"preferenceQuickDeleteLibraries":false,"preferenceDeleteSavedVariables":false,"preferenceProcessFileCommands":true,"preferenceReleaseType":1,"preferenceModdingFolderPath":null,"syncProfile":{"PreferenceEnabled":false,"PreferenceAutoSync":true,"PreferenceAutoDelete":false,"PreferenceBackupSavedVariables":false,"GameInstanceGuid":"00000000-0000-0000-0000-000000000000","SyncProfileID":0,"SavedVariablesProfile":null,"LastSyncDate":"0001-01-01T00:00:00"},"installDate":"2023-05-07T09:20:11.5910402Z","installedAddons":[{"instanceID":"9e5bb2db-2ccc-4829-9c29-645ce0dc4771","modSource":0,"addonID":239197,"gameID":432,"gameInstanceID":"60c70505-ea40-4c25-940d-9b70908a1763","name":"CraftTweaker","modFolderPath":null,"fileNameOnDisk":"CraftTweaker-forge-1.18.2-9.1.207.jar","authors":[{"Name":"Jaredlll08"},{"Name":"TheSilkMiner"},{"Name":"kindlich"}],"primaryAuthor":"Jaredlll08","primaryCategoryId":421,"packageType":6,"webSiteURL":"https://www.curseforge.com/minecraft/mc-mods/crafttweaker","thumbnailUrl":"https://media.forgecdn.net/avatars/thumbnails/142/108/256/256/636546700830987709.png","tags":[],"installedFile":{"id":4461930,"fileName":"CraftTweaker-forge-1.18.2-9.1.207.jar","fileDate":"2023-03-27T22:39:29.417Z","fileLength":2925616,"releaseType":1,"fileStatus":4,"downloadUrl":"https://edge.forgecdn.net/files/4461/930/CraftTweaker-forge-1.18.2-9.1.207.jar","isAlternate":false,"alternateFileId":0,"dependencies":[{"addonId":368718,"type":3}],"isAvailable":true,"modules":[{"foldername":"META-INF","fingerprint":2504931136,"invalidFingerprint":false},{"foldername":"org","fingerprint":48009346,"invalidFingerprint":false},{"foldername":"listeners","fingerprint":1241075767,"invalidFingerprint":false},{"foldername":"live","fingerprint":2695444870,"invalidFingerprint":false},{"foldername":"zsynthetic","fingerprint":1624794648,"invalidFingerprint":false},{"foldername":"com","fingerprint":1738278646,"invalidFingerprint":false},{"foldername":"stdlib","fingerprint":1913953402,"invalidFingerprint":false},{"foldername":"compactio","fingerprint":3722424807,"invalidFingerprint":false},{"foldername":"StdLibs.jar","fingerprint":212132419,"invalidFingerprint":false},{"foldername":"data","fingerprint":1018981183,"invalidFingerprint":false},{"foldername":"crafttweaker.forge.mixins.json","fingerprint":3385726431,"invalidFingerprint":false},{"foldername":"pack.mcmeta","fingerprint":43200555,"invalidFingerprint":false},{"foldername":"assets","fingerprint":3254370161,"invalidFingerprint":false},{"foldername":"logo.png","fingerprint":1369944850,"invalidFingerprint":false},{"foldername":"crafttweaker.accesswidener","fingerprint":1290030252,"invalidFingerprint":false},{"foldername":"crafttweaker.mixins.json","fingerprint":4060884757,"invalidFingerprint":false},{"foldername":"crafttweaker.refmap.json","fingerprint":799137552,"invalidFingerprint":false}],"packageFingerprint":1804063553,"gameVersion":["1.18.2","Forge"],"sortableGameVersion":[{"gameVersion":"1.18.2","gameVersionName":"1.18.2","gameVersionTypeId":73250},{"gameVersion":"","gameVersionName":"Forge","gameVersionTypeId":68441}],"hasInstallScript":false,"isCompatibleWithClient":false,"isEarlyAccessContent":false,"restrictProjectFileAccess":0,"projectStatus":4,"projectId":239197,"fileNameOnDisk":"CraftTweaker-forge-1.18.2-9.1.207.jar","Hashes":[{"Value":"cf146b4085a873e53e9153143176337672e41b23"},{"Value":"bf975f4259728e05bfea055f29501b60"}]},"dateInstalled":"2023-05-07T09:21:16.20365Z","dateUpdated":"2023-05-07T09:21:16.2072185Z","dateLastUpdateAttempted":"2023-05-07T09:21:16.2072185Z","status":4,"installSource":4461930,"preferenceReleaseType":null,"preferenceAutoInstallUpdates":null,"preferenceAlternateFile":false,"preferenceIsIgnored":false,"isModified":false,"isWorkingCopy":false,"isFuzzyMatch":false,"manifestName":null,"installedTargets":[],"latestFile":{"id":4461930,"fileName":"CraftTweaker-forge-1.18.2-9.1.207.jar","fileDate":"2023-03-27T22:39:29.417Z","fileLength":2925616,"releaseType":1,"fileStatus":4,"downloadUrl":"https://edge.forgecdn.net/files/4461/930/CraftTweaker-forge-1.18.2-9.1.207.jar","isAlternate":false,"alternateFileId":0,"dependencies":[{"addonId":368718,"type":3}],"isAvailable":true,"modules":[{"foldername":"META-INF","fingerprint":2504931136,"invalidFingerprint":false},{"foldername":"org","fingerprint":48009346,"invalidFingerprint":false},{"foldername":"listeners","fingerprint":1241075767,"invalidFingerprint":false},{"foldername":"live","fingerprint":2695444870,"invalidFingerprint":false},{"foldername":"zsynthetic","fingerprint":1624794648,"invalidFingerprint":false},{"foldername":"com","fingerprint":1738278646,"invalidFingerprint":false},{"foldername":"stdlib","fingerprint":1913953402,"invalidFingerprint":false},{"foldername":"compactio","fingerprint":3722424807,"invalidFingerprint":false},{"foldername":"StdLibs.jar","fingerprint":212132419,"invalidFingerprint":false},{"foldername":"data","fingerprint":1018981183,"invalidFingerprint":false},{"foldername":"crafttweaker.forge.mixins.json","fingerprint":3385726431,"invalidFingerprint":false},{"foldername":"pack.mcmeta","fingerprint":43200555,"invalidFingerprint":false},{"foldername":"assets","fingerprint":3254370161,"invalidFingerprint":false},{"foldername":"logo.png","fingerprint":1369944850,"invalidFingerprint":false},{"foldername":"crafttweaker.accesswidener","fingerprint":1290030252,"invalidFingerprint":false},{"foldername":"crafttweaker.mixins.json","fingerprint":4060884757,"invalidFingerprint":false},{"foldername":"crafttweaker.refmap.json","fingerprint":799137552,"invalidFingerprint":false}],"packageFingerprint":1804063553,"gameVersion":["1.18.2","Forge"],"sortableGameVersion":[{"gameVersion":"1.18.2","gameVersionName":"1.18.2","gameVersionTypeId":73250},{"gameVersion":"","gameVersionName":"Forge","gameVersionTypeId":68441}],"hasInstallScript":false,"isCompatibleWithClient":false,"isEarlyAccessContent":false,"restrictProjectFileAccess":0,"projectStatus":4,"projectId":239197,"fileNameOnDisk":"CraftTweaker-forge-1.18.2-9.1.207.jar","Hashes":[{"Value":"cf146b4085a873e53e9153143176337672e41b23"},{"Value":"bf975f4259728e05bfea055f29501b60"}]}},{"instanceID":"5632c0bd-2693-44f5-b3b2-61e96fe8284f","modSource":0,"addonID":368718,"gameID":432,"gameInstanceID":"60c70505-ea40-4c25-940d-9b70908a1763","name":"JEITweaker","modFolderPath":null,"fileNameOnDisk":"JEITweaker-1.18.2-3.0.0.9.jar","authors":[{"Name":"Jaredlll08"}],"primaryAuthor":"Jaredlll08","primaryCategoryId":4773,"packageType":6,"webSiteURL":"https://www.curseforge.com/minecraft/mc-mods/jeitweaker","thumbnailUrl":"https://media.forgecdn.net/avatars/thumbnails/255/940/256/256/637203420213364761.png","tags":[],"installedFile":{"id":3950183,"fileName":"JEITweaker-1.18.2-3.0.0.9.jar","fileDate":"2022-08-24T17:52:18.82Z","fileLength":156552,"releaseType":1,"fileStatus":4,"downloadUrl":"https://edge.forgecdn.net/files/3950/183/JEITweaker-1.18.2-3.0.0.9.jar","isAlternate":false,"alternateFileId":0,"dependencies":[],"isAvailable":true,"modules":[{"foldername":"META-INF","fingerprint":1688626015,"invalidFingerprint":false},{"foldername":"com","fingerprint":2155498819,"invalidFingerprint":false},{"foldername":"data","fingerprint":2203125580,"invalidFingerprint":false},{"foldername":"pack.mcmeta","fingerprint":3399999009,"invalidFingerprint":false},{"foldername":"assets","fingerprint":3223394786,"invalidFingerprint":false}],"packageFingerprint":2780890611,"gameVersion":["1.18.2","Forge"],"sortableGameVersion":[{"gameVersion":"1.18.2","gameVersionName":"1.18.2","gameVersionTypeId":73250},{"gameVersion":"","gameVersionName":"Forge","gameVersionTypeId":68441}],"hasInstallScript":false,"isCompatibleWithClient":false,"isEarlyAccessContent":false,"restrictProjectFileAccess":0,"projectStatus":4,"projectId":368718,"fileNameOnDisk":"JEITweaker-1.18.2-3.0.0.9.jar","Hashes":[{"Value":"0335f44c4d346e154a7788a5b74240d83048652e"},{"Value":"8b635ba1bd6bfb5c6397a369887ba3db"}]},"dateInstalled":"2023-05-07T09:21:14.7074829Z","dateUpdated":"2023-05-07T09:21:14.7122366Z","dateLastUpdateAttempted":"2023-05-07T09:21:14.7122366Z","status":4,"installSource":0,"preferenceReleaseType":null,"preferenceAutoInstallUpdates":null,"preferenceAlternateFile":false,"preferenceIsIgnored":false,"isModified":false,"isWorkingCopy":false,"isFuzzyMatch":false,"manifestName":null,"installedTargets":[],"latestFile":{"id":3950183,"fileName":"JEITweaker-1.18.2-3.0.0.9.jar","fileDate":"2022-08-24T17:52:18.82Z","fileLength":156552,"releaseType":1,"fileStatus":4,"downloadUrl":"https://edge.forgecdn.net/files/3950/183/JEITweaker-1.18.2-3.0.0.9.jar","isAlternate":false,"alternateFileId":0,"dependencies":[],"isAvailable":true,"modules":[{"foldername":"META-INF","fingerprint":1688626015,"invalidFingerprint":false},{"foldername":"com","fingerprint":2155498819,"invalidFingerprint":false},{"foldername":"data","fingerprint":2203125580,"invalidFingerprint":false},{"foldername":"pack.mcmeta","fingerprint":3399999009,"invalidFingerprint":false},{"foldername":"assets","fingerprint":3223394786,"invalidFingerprint":false}],"packageFingerprint":2780890611,"gameVersion":["1.18.2","Forge"],"sortableGameVersion":[{"gameVersion":"1.18.2","gameVersionName":"1.18.2","gameVersionTypeId":73250},{"gameVersion":"","gameVersionName":"Forge","gameVersionTypeId":68441}],"hasInstallScript":false,"isCompatibleWithClient":false,"isEarlyAccessContent":false,"restrictProjectFileAccess":0,"projectStatus":4,"projectId":368718,"fileNameOnDisk":"JEITweaker-1.18.2-3.0.0.9.jar","Hashes":[{"Value":"0335f44c4d346e154a7788a5b74240d83048652e"},{"Value":"8b635ba1bd6bfb5c6397a369887ba3db"}]}},{"instanceID":"bf0ece9b-d564-4b7d-8593-ab8d3cb70711","modSource":0,"addonID":238222,"gameID":432,"gameInstanceID":"60c70505-ea40-4c25-940d-9b70908a1763","name":"Just Enough Items (JEI)","modFolderPath":null,"fileNameOnDisk":"jei-1.18.2-9.7.1.255.jar","authors":[{"Name":"mezz"}],"primaryAuthor":"mezz","primaryCategoryId":423,"packageType":6,"webSiteURL":"https://www.curseforge.com/minecraft/mc-mods/jei","thumbnailUrl":"https://media.forgecdn.net/avatars/thumbnails/29/69/256/256/635838945588716414.jpeg","tags":[],"installedFile":{"id":3940240,"fileName":"jei-1.18.2-9.7.1.255.jar","fileDate":"2022-08-18T05:42:53.92Z","fileLength":993934,"releaseType":1,"fileStatus":4,"downloadUrl":"https://edge.forgecdn.net/files/3940/240/jei-1.18.2-9.7.1.255.jar","isAlternate":false,"alternateFileId":0,"dependencies":[],"isAvailable":true,"modules":[{"foldername":"META-INF","fingerprint":964203998,"invalidFingerprint":false},{"foldername":"mezz","fingerprint":3667865286,"invalidFingerprint":false},{"foldername":"assets","fingerprint":3451630566,"invalidFingerprint":false},{"foldername":"pack.mcmeta","fingerprint":1550930300,"invalidFingerprint":false}],"packageFingerprint":2264827823,"gameVersion":["1.18.2","Forge"],"sortableGameVersion":[{"gameVersion":"1.18.2","gameVersionName":"1.18.2","gameVersionTypeId":73250},{"gameVersion":"","gameVersionName":"Forge","gameVersionTypeId":68441}],"hasInstallScript":false,"isCompatibleWithClient":false,"isEarlyAccessContent":false,"restrictProjectFileAccess":0,"projectStatus":4,"projectId":238222,"fileNameOnDisk":"jei-1.18.2-9.7.1.255.jar","Hashes":[{"Value":"af72805f44b69f11b2c1c849478dd8a312030c18"},{"Value":"866bc6f0b67cb38283764e4a34df765e"}]},"dateInstalled":"2023-05-07T09:21:06.5508078Z","dateUpdated":"2023-05-07T09:21:06.5528833Z","dateLastUpdateAttempted":"2023-05-07T09:21:06.5528833Z","status":4,"installSource":3940240,"preferenceReleaseType":null,"preferenceAutoInstallUpdates":null,"preferenceAlternateFile":false,"preferenceIsIgnored":false,"isModified":false,"isWorkingCopy":false,"isFuzzyMatch":false,"manifestName":null,"installedTargets":[],"latestFile":{"id":3940240,"fileName":"jei-1.18.2-9.7.1.255.jar","fileDate":"2022-08-18T05:42:53.92Z","fileLength":993934,"releaseType":1,"fileStatus":4,"downloadUrl":"https://edge.forgecdn.net/files/3940/240/jei-1.18.2-9.7.1.255.jar","isAlternate":false,"alternateFileId":0,"dependencies":[],"isAvailable":true,"modules":[{"foldername":"META-INF","fingerprint":964203998,"invalidFingerprint":false},{"foldername":"mezz","fingerprint":3667865286,"invalidFingerprint":false},{"foldername":"assets","fingerprint":3451630566,"invalidFingerprint":false},{"foldername":"pack.mcmeta","fingerprint":1550930300,"invalidFingerprint":false}],"packageFingerprint":2264827823,"gameVersion":["1.18.2","Forge"],"sortableGameVersion":[{"gameVersion":"1.18.2","gameVersionName":"1.18.2","gameVersionTypeId":73250},{"gameVersion":"","gameVersionName":"Forge","gameVersionTypeId":68441}],"hasInstallScript":false,"isCompatibleWithClient":false,"isEarlyAccessContent":false,"restrictProjectFileAccess":0,"projectStatus":4,"projectId":238222,"fileNameOnDisk":"jei-1.18.2-9.7.1.255.jar","Hashes":[{"Value":"af72805f44b69f11b2c1c849478dd8a312030c18"},{"Value":"866bc6f0b67cb38283764e4a34df765e"}]}}],"wasNameManuallyChanged":false}